CustomerID,PurchaseFrequency,AverageOrderValue,EngagementScore,TotalPurchaseAmount,CustomerLifecycleValue,Segment
1,72,57.1194912945121,0.303194059461046,4112.603373204871,8,1
2,6,203.49051101339924,0.289970118943609,1220.9430660803955,2,1
3,18,418.4181757036548,0.5632889309538147,7531.527162665786,15,0
4,40,321.4487345960175,0.1199536930238899,12857.9493838407,26,0
5,24,201.7522097399392,0.9167916907023352,4842.05303375854,9,1
6,42,457.4861565483532,0.7206551452831133,19214.418575030835,39,2
7,15,397.6802273522221,0.4014456309131936,5965.203410283331,12,1
8,4,169.20295125653004,0.1586241445263779,676.8118050261202,1,1
9,20,340.3804268865726,0.8819921697216359,6807.608537731452,13,1
10,10,318.0878276850305,0.8237780901011652,3180.878276850305,6,1
11,5,230.5345613175422,0.7217215527171793,1152.672806587711,2,1
12,48,215.1302356421603,0.2715470474112423,10326.251310823694,21,0
13,72,204.6022136490668,0.4024466374336689,14731.359382732808,30,0
14,12,327.7201025280411,0.1027482524524233,3932.641230336493,7,1
15,9,249.08447141630128,0.1890395247275317,2241.760242746712,4,1
16,24,424.3384009631399,0.7830166373167329,10184.121623115358,20,0
17,5,351.32117726028287,0.7150387188506838,1756.6058863014143,3,1
18,32,81.46922256924536,0.5934857629759347,2607.0151222158515,5,1
19,42,338.07570072267475,0.8957267259261729,14199.179430352338,29,0
20,24,172.01634642508316,0.5832665178130454,4128.392314201996,8,1
21,54,316.76539624404023,0.4669679999636107,17105.331397178175,35,0
22,20,356.05936899655313,0.3403707463057627,7121.187379931062,14,0
23,3,153.87313511930543,0.9404485057361726,461.6194053579163,0,1
24,15,255.5863901961659,0.0827154615243535,3833.7958529424886,7,1
25,45,135.6461882685805,0.9308873720608084,6104.078472086123,12,1
26,40,73.55249410392874,0.8267146599310183,2942.0997641571494,5,1
27,15,220.31439056864104,0.1299299245357013,3304.715858529616,6,1
28,16,213.3249223306964,0.5649843576752536,3413.198757291142,6,1
29,63,497.96622081691567,0.8665479817490869,31371.871911465685,64,2
30,45,250.85855803893892,0.5718091636071537,11288.635111752254,23,0
31,8,200.1062972624902,0.9071998215606224,1600.8503780999215,3,1
32,32,311.2137530225036,0.9429838168160424,9958.840096720114,20,0
33,8,89.94532734849581,0.4223845221843059,719.5626187879665,1,1
34,14,482.74958117966594,0.3773136614063236,6758.494136515323,13,1
35,32,335.7320205159649,0.9363211539691568,10743.424656510875,21,0
36,6,389.6770189733815,0.6751400611496681,2338.062113840289,4,1
37,18,126.7150721782629,0.1160226813481692,2280.871299208732,4,1
38,2,234.26503385234176,0.0422917492226811,468.5300677046835,0,1
39,42,240.2101010282853,0.5646290509972631,10088.82424318798,20,0
40,2,419.812899755489,0.9301709654384246,839.6257995109781,1,1
41,9,50.55650589173425,0.8442487024058184,455.0085530256082,0,1
42,8,185.3838987589648,0.6758477464643364,1483.0711900717183,2,1
43,4,491.5563684549368,0.1391158488910875,1966.225473819747,3,1
44,35,263.6989445777984,0.2542313837486956,9229.463060222944,18,0
45,10,222.1368261098037,0.8755112265526162,2221.368261098037,4,1
46,20,103.92305090794083,0.1828072366569004,2078.461018158817,4,1
47,32,488.374082882607,0.2784394082504345,15627.970652243424,32,0
48,16,59.01186016662101,0.1296006511954419,944.1897626659362,1,1
49,15,381.7311012532594,0.6761082314144111,5725.966518798891,11,1
50,35,395.8699121548288,0.9439823053632096,13855.446925419008,28,0
51,15,159.64552222874,0.2689680315953859,2394.6828334311,4,1
52,42,352.2012996258668,0.4754066078500737,14792.454584286406,30,0
53,18,91.81811497072547,0.6343397397112043,1652.7260694730587,3,1
54,12,165.67126989443594,0.9994662482156308,1988.0552387332316,3,1
55,14,404.5558947315192,0.1048080649975721,5663.782526241269,11,1
56,18,439.1087864150931,0.4985707995057091,7903.958155471675,16,0
57,56,323.8188856969061,0.3851201199025,18133.85759902674,37,2
58,40,278.0772943192172,0.8658201652223552,11123.091772768686,22,0
59,5,121.68680927854112,0.4759677310116559,608.4340463927057,1,1
60,12,78.39906488561758,0.110977524585148,940.7887786274108,1,1
61,7,102.9420628131014,0.6344241452865836,720.5944396917097,1,1
62,12,152.31078504324444,0.7707806182638798,1827.7294205189328,3,1
63,18,203.7535258536144,0.0028812516656145,3667.5634653650586,7,1
64,36,221.40928647994423,0.8589566854206295,7970.734313277993,16,0
65,4,205.8447958650516,0.1860230000056656,823.3791834602064,1,1
66,35,157.57489948876952,0.5520693646533779,5515.1214821069325,11,1
67,21,279.3759110382641,0.4157975006874501,5866.894131803547,11,1
68,6,421.3787487048036,0.7196538166105304,2528.2724922288216,4,1
69,44,175.86659231216566,0.3711616147857418,7738.130061735289,15,0
70,36,474.0741585960049,0.8697631766817108,17066.669709456175,34,0
71,16,443.00149777573154,0.7304963609587902,7088.023964411705,14,0
72,40,122.79389510844932,0.6477131710629215,4911.755804337973,9,1
73,9,403.8241805406925,0.7962405955628543,3634.417624866233,7,1
74,30,308.564322042995,0.7540230349283823,9256.92966128985,18,0
75,36,304.9589129771384,0.0359386749215533,10978.52086717698,22,0
76,32,225.9692433761785,0.3947343538448281,7231.015788037712,14,0
77,8,275.51884963190435,0.9308072973164898,2204.1507970552348,4,1
78,20,228.73044984314495,0.1257242689922262,4574.608996862899,9,1
79,80,292.8796784419743,0.7370965504320512,23430.374275357943,48,2
80,16,332.57752374768614,0.9745918113353296,5321.240379962978,10,1
81,15,353.43671288407177,0.0521986290449716,5301.550693261077,10,1
82,28,289.61653665174174,0.6821938806266105,8109.263026248769,16,0
83,10,374.63993029792925,0.4681541413010304,3746.3993029792928,7,1
84,15,113.57512217397762,0.5791752553747221,1703.626832609664,3,1
85,21,145.39212090600734,0.0853413364843248,3053.234539026154,6,1
86,12,418.4307518334216,0.0430069518669394,5021.169022001059,10,1
87,20,195.13759003088683,0.6668666605509217,3902.751800617737,7,1
88,25,60.30222123925411,0.823309429820718,1507.5555309813526,2,1
89,4,119.206017350614,0.7820153349329673,476.824069402456,0,1
90,80,150.62649552334005,0.5438057278662374,12050.119641867204,24,0
91,18,480.79529955256425,0.0998668211361781,8654.315391946157,17,0
92,30,307.8686430188822,0.6880444438360138,9236.059290566463,18,0
93,48,469.72883321431465,0.2418888835541459,22546.983994287104,46,2
94,21,308.8235077234812,0.9110687027673836,6485.293662193106,13,1
95,24,265.7094980620333,0.8382653595457049,6377.027953488799,12,1
96,8,191.1774610373432,0.7093829670873909,1529.4196882987458,2,1
97,45,322.866924995019,0.9488459558311304,14529.011624775856,29,0
98,4,112.63911107788844,0.0314218215112729,450.5564443115537,0,1
99,48,454.2177322817177,0.736200425060762,21802.45114952245,44,2
100,12,423.1995823135777,0.3302427793364053,5078.394987762932,10,1
101,36,192.88915154453167,0.9060658856863651,6944.00945560314,14,0
102,15,478.7588874205824,0.2666751966619776,7181.383311308737,14,0
103,48,421.34034533700566,0.7248564993150172,20224.336576176276,41,2
104,20,349.8380986257679,0.8776470196507814,6996.761972515358,14,0
105,48,104.79286000637366,0.0416568183826824,5030.057280305936,10,1
106,8,265.2053103716325,0.3976475795920361,2121.6424829730604,4,1
107,36,277.7483996810379,0.7623090320219387,9998.942388517364,20,0
108,36,154.64811126442106,0.4549188895075871,5567.332005519158,11,1
109,21,85.98442746168587,0.2672526297935953,1805.6729766954031,3,1
110,24,399.5256337122617,0.21980534882319,9588.61520909428,19,0
111,72,104.91577345597776,0.1315182669163779,7553.935688830398,15,0
112,54,317.4308377527986,0.8571295598562823,17141.26523865112,35,0
113,28,471.4021282476472,0.575355403251556,13199.259590934122,26,0
114,7,444.2473366691192,0.0763849449914559,3109.731356683834,6,1
115,25,174.98868068716752,0.3825803235706354,4374.717017179188,8,1
116,25,433.1518868980694,0.3677336508051099,10828.797172451734,22,0
117,32,50.14962775422024,0.1817391907094629,1604.7880881350477,3,1
118,30,57.95951432596574,0.4355076254721907,1738.7854297789725,3,1
119,21,321.1489237292892,0.3320993653931364,6744.127398315074,13,1
120,36,214.15919861503824,0.3418037054921825,7709.731150141378,15,0
121,5,223.90737852161615,0.7390265577879587,1119.536892608081,2,1
122,24,303.9984908054971,0.2232633855051963,7295.963779331931,14,0
123,56,136.30210501633726,0.6418599588553554,7632.917880914887,15,0
124,3,145.28990779946523,0.5706496238809349,435.86972339839576,0,1
125,48,268.07071415848907,0.5680925123378673,12867.394279607475,26,0
126,35,389.4140949547384,0.6630073461417759,13629.493323415842,27,0
127,27,328.77398813341443,0.548382036195654,8876.89767960219,18,0
128,30,183.8097717065775,0.8792551148463846,5514.293151197325,11,1
129,72,243.6517298790145,0.6755800919502598,17542.92455128905,35,0
130,48,126.79914134749929,0.5469632513713881,6086.3587846799655,12,1
131,27,83.58341645168677,0.8297631202876449,2256.7522441955425,4,1
132,35,402.2132183348672,0.6061465649334797,14077.46264172035,28,0
133,36,169.42433413468757,0.291144247785179,6099.2760288487525,12,1
134,21,129.9948745330617,0.2070949181765712,2729.892365194296,5,1
135,20,361.2281250061937,0.1523277856626788,7224.562500123874,14,0
136,18,328.12325342923367,0.8994552125461016,5906.218561726206,11,1
137,30,334.93533170605883,0.7101354317980658,10048.059951181764,20,0
138,6,153.00257218097613,0.9373784381643208,918.0154330858568,1,1
139,35,154.69049235320645,0.603291805714943,5414.167232362225,10,1
140,12,149.3611834035376,0.4734008814949126,1792.3342008424513,3,1
141,10,128.18866804803253,0.0597164889708893,1281.8866804803251,2,1
142,1,345.07565265274536,0.6716422815460298,345.07565265274536,0,1
143,18,431.60714836223065,0.5822087597682312,7768.928670520152,15,0
144,42,375.9428613544976,0.9902088935876214,15789.600176888896,32,0
145,24,406.4421351922445,0.239158777782243,9754.611244613869,19,0
146,72,232.15929308833992,0.5307373552868359,16715.469102360476,34,0
147,42,344.3341079173991,0.6509573351180726,14462.032532530764,29,0
148,16,209.40630820014852,0.6445911747423436,3350.5009312023767,6,1
149,30,286.477079885888,0.5612935429484027,8594.312396576639,17,0
150,30,266.73568094068804,0.7769280103272255,8002.070428220642,16,0
151,24,129.5992153147345,0.2049812095268164,3110.381167553627,6,1
152,4,224.18544215103387,0.7256272002744159,896.7417686041355,1,1
153,3,483.720023967058,0.6197345714330892,1451.160071901174,2,1
154,36,161.86111597172393,0.8960751117945733,5827.000174982061,11,1
155,12,110.21168132576992,0.8471944390335816,1322.540175909239,2,1
156,20,238.3612797307709,0.3151470391325532,4767.225594615418,9,1
157,4,405.6519811370666,0.2762373249751531,1622.6079245482665,3,1
158,35,311.9667034009875,0.981653323852448,10918.834619034562,22,0
159,4,356.43867225721004,0.5272651809152565,1425.7546890288402,2,1
160,4,135.36268167860473,0.9064209639144368,541.4507267144189,0,1
161,54,328.5266868534747,0.1638810237804822,17740.441090087632,36,0
162,6,195.5751777101632,0.6428189148001743,1173.4510662609791,2,1
163,16,425.43651467964537,0.8098601873605862,6806.984234874326,13,1
164,42,333.1844627048313,0.9473952495864468,13993.747433602914,28,0
165,24,139.48532499888316,0.3373401410170235,3347.647799973196,6,1
166,56,79.07750592983878,0.7249811699240525,4428.340332070971,8,1
167,3,69.18494417916473,0.538813009039619,207.55483253749415,0,1
168,42,217.13385544256332,0.0606289260664681,9119.62192858766,18,0
169,6,169.63301149444106,0.6899997373089434,1017.7980689666464,1,1
170,7,340.7405555581286,0.6900965582378434,2385.1838889069004,4,1
171,33,274.7002257403782,0.930606804846537,9065.10744943248,18,0
172,48,169.70867510242132,0.4973124461689724,8146.016404916223,16,0
173,12,117.15700007757926,0.2302509207105146,1405.884000930951,2,1
174,3,107.23989320935232,0.0445638234486791,321.7196796280569,0,1
175,32,439.097176463188,0.4156421866859057,14051.109646822017,28,0
176,9,159.56508578219024,0.3019167000775018,1436.085772039712,2,1
177,12,343.2697915599357,0.7610883060238756,4119.237498719229,8,1
178,4,414.8086675938198,0.3542677648410466,1659.2346703752792,3,1
179,24,326.33659003313124,0.949071196314844,7832.07816079515,15,0
180,16,436.8043542411256,0.9623102029877842,6988.869667858009,14,0
181,14,226.57717468781357,0.6209085902177082,3172.080445629389,6,1
182,48,480.2999857920268,0.9286602870148828,23054.399318017284,47,2
183,4,109.9152518801436,0.7608543445144956,439.66100752057446,0,1
184,10,95.96728834589214,0.5468596409751262,959.6728834589214,1,1
185,24,346.4114657933496,0.1803079354227781,8313.87517904039,16,0
186,18,474.2740136359678,0.4585979435138399,8536.93224544742,17,0
187,32,413.9975577363476,0.5608744633626176,13247.921847563124,27,0
188,9,84.38758674712315,0.8639615807350102,759.4882807241083,1,1
189,72,175.71547127062237,0.4813333765356649,12651.513931484811,25,0
190,28,468.6434981770207,0.8976746726779566,13122.017948956578,26,0
191,42,163.87629476035306,0.674348979023469,6882.804379934828,13,1
192,21,401.52669070411366,0.1369990630536713,8432.060504786386,17,0
193,15,421.3094881679167,0.994981369325093,6319.64232251875,12,1
194,10,272.9534465574418,0.5272326607539126,2729.534465574418,5,1
195,7,223.857009431742,0.3918582964090789,1566.9990660221938,2,1
196,28,252.55599458889185,0.6591137644695265,7071.567848488972,14,0
197,42,152.13411246441387,0.108893313981039,6389.632723505383,12,1
198,12,450.2259122579799,0.6365386467533544,5402.710947095759,10,1
199,35,252.77884552839103,0.4982360004992729,8847.259593493687,18,0
200,56,447.1067482052449,0.4066740699985831,25037.977899493715,51,2
201,5,97.56206595782334,0.9530200211788992,487.8103297891167,0,1
202,18,494.7238719500591,0.5225397167320532,8905.029695101064,18,0
203,21,249.47288934962825,0.2191174794699384,5238.930676342192,10,1
204,18,71.52386917734746,0.4589634793772987,1287.4296451922542,2,1
205,24,67.1098317068547,0.9193874045726728,1610.6359609645128,3,1
206,42,385.79326586682737,0.1760954713305946,16203.317166406749,33,0
207,40,346.5659903916563,0.2139570386882368,13862.639615666252,28,0
208,24,410.9587511574144,0.0130295677570837,9863.010027777946,20,0
209,72,97.41539027876269,0.0141900493957671,7013.908100070914,14,0
210,25,66.00689016599677,0.8293916269585125,1650.1722541499191,3,1
211,24,278.8606802514103,0.7321226068429558,6692.656326033848,13,1
212,18,224.41785416724625,0.3550410564519583,4039.5213750104326,8,1
213,1,257.87612150193013,0.6983111572275728,257.87612150193013,0,1
214,64,496.2147839916233,0.3952059263099702,31757.74617546389,65,2
215,16,486.8374809518016,0.9528967959978276,7789.399695228825,15,0
216,21,474.0419253529368,0.9670526814260348,9954.880432411674,20,0
217,48,402.7292045454532,0.3927937758093434,19331.001818181758,39,2
218,32,209.67861211560069,0.854221906340868,6709.715587699222,13,1
219,16,235.4589186182472,0.7730890416974662,3767.342697891956,7,1
220,20,297.327219673516,0.3099999371717893,5946.544393470321,12,1
221,30,423.7405053821779,0.2320398289011059,12712.21516146534,25,0
222,24,80.92077463322049,0.4582346503928338,1942.098591197292,3,1
223,5,240.93359864819965,0.7813488406144062,1204.6679932409982,2,1
224,28,87.17794855667091,0.9601677847287454,2440.9825595867856,4,1
225,12,281.59591395808025,0.7635790688665726,3379.150967496963,6,1
226,49,454.50537080280594,0.85520698501837,22270.763169337493,45,2
227,35,402.1182160537721,0.6030643061705165,14074.137561882024,28,0
228,4,152.52908789439948,0.8354078308421259,610.1163515775979,1,1
229,63,489.1958823194566,0.7844208580034177,30819.340586125767,63,2
230,20,350.3076791208928,0.3769855419262801,7006.153582417855,14,0
231,12,54.69246472883138,0.5519903021207211,656.3095767459765,1,1
232,24,164.93606810834876,0.8047531219896948,3958.4656346003694,7,1
233,20,167.32098496396245,0.0460567341899563,3346.419699279249,6,1
234,2,81.16443782863698,0.8080792823558299,162.32887565727395,0,1
235,4,481.92193313416806,0.1778881240490234,1927.687732536672,3,1
236,5,265.2148825591657,0.514683617121439,1326.0744127958285,2,1
237,70,453.1165688173469,0.8082754395559376,31718.159817214284,65,2
238,20,194.9969765500828,0.2538210781566948,3899.9395310016553,7,1
239,10,106.35510669477222,0.2458074393061529,1063.551066947722,1,1
240,3,263.4512494577963,0.4027643984622518,790.3537483733888,1,1
241,28,101.28048562144272,0.8946427975776345,2835.853597400396,5,1
242,14,268.706976339893,0.0004427814372078,3761.897668758502,7,1
243,12,464.1337315487335,0.9013830966419348,5569.604778584801,11,1
244,15,284.3456638253957,0.1538070246416077,4265.184957380936,8,1
245,20,327.42487710278755,0.990086376067482,6548.497542055751,13,1
246,48,120.48729663821372,0.954846993038468,5783.39023863426,11,1
247,72,69.68103164598627,0.4946751895912833,5017.034278511012,10,1
248,10,99.86358298091316,0.5127202478126281,998.6358298091316,1,1
249,25,319.3392090579645,0.4815493402758543,7983.480226449114,16,0
250,9,92.75526454653708,0.6354436456595226,834.7973809188338,1,1
251,28,219.19680047359012,0.090721702234931,6137.510413260524,12,1
252,18,297.5413732061702,0.0326179483415665,5355.744717711064,10,1
253,48,224.8937593834312,0.0577029284158988,10794.900450404695,22,0
254,2,123.65771065938569,0.4443653492415144,247.3154213187713,0,1
255,88,173.20608838134794,0.2755479392194834,15242.135777558618,31,0
256,28,467.7428897818596,0.6220395623709938,13096.80091389207,26,0
257,2,354.1920240138599,0.992442289374779,708.3840480277198,1,1
258,10,273.22152740594896,0.3863231730764659,2732.2152740594897,5,1
259,21,55.72170049410208,0.5738412541045134,1170.1557103761436,2,1
260,5,496.5869302202617,0.4156038959073355,2482.934651101308,4,1
261,27,352.1547207025895,0.8472716677218594,9508.177458969916,19,0
262,24,192.6151148052253,0.902236403462238,4622.762755325406,9,1
263,4,445.6708969990272,0.87735561220526,1782.6835879961088,3,1
264,18,166.29422913131816,0.9743722386792576,2993.296124363727,5,1
265,35,294.8074606322382,0.0275191851404152,10318.261122128337,21,0
266,36,336.2318436784213,0.839816162145531,12104.346372423166,24,0
267,30,149.4785171541778,0.7517721730390933,4484.355514625335,9,1
268,30,490.2787754602681,0.2286944094003647,14708.363263808043,30,0
269,24,386.6863576905489,0.9563200933875274,9280.472584573174,18,0
270,14,301.0159514799815,0.1481779282299455,4214.2233207197405,8,1
271,70,131.2675691788854,0.6795499271339084,9188.729842521978,18,0
272,15,74.23619314911176,0.2248902168159124,1113.5428972366765,2,1
273,66,194.02692463444257,0.4313806487740746,12805.777025873207,26,0
274,8,388.93430116103127,0.7191598969445689,3111.47440928825,6,1
275,25,171.1990842359113,0.5633246420330467,4279.977105897782,8,1
276,20,292.8002992229773,0.4275018313281117,5856.005984459545,11,1
277,18,377.5762295288344,0.3263384309319872,6796.37213151902,13,1
278,54,98.57467159090896,0.8396596557087903,5323.032265909084,10,1
279,12,358.384107252143,0.1438143503148137,4300.609287025716,8,1
280,2,91.34189946952011,0.4301028765298,182.68379893904023,0,1
281,25,484.30838395714846,0.9037575717751422,12107.709598928712,24,0
282,45,269.77735852922285,0.8458495504599677,12139.981133815028,24,0
283,66,117.80424846944484,0.4009417624730467,7775.080398983359,15,0
284,35,204.0726362150959,0.7631083636013083,7142.542267528357,14,0
285,25,236.03740218286765,0.8231608307088593,5900.935054571692,11,1
286,24,391.1832549844418,0.8888874240036297,9388.398119626603,19,0
287,30,384.54070373447416,0.544505769049228,11536.221112034224,23,0
288,63,325.37322740179894,0.2044608860547117,20498.51332631333,42,2
289,24,97.66882065132182,0.2553090765039316,2344.051695631724,4,1
290,8,118.20621721445312,0.2956946740416042,945.649737715625,1,1
291,12,92.19061429050048,0.5938024808096155,1106.287371486006,2,1
292,27,309.7277524793975,0.0328096241286084,8362.649316943733,17,0
293,20,444.71229868013177,0.6360424687799683,8894.245973602636,18,0
294,56,245.2102305146473,0.364354238428232,13731.772908820249,28,0
295,1,122.3816782809858,0.2952418024896421,122.3816782809858,0,1
296,25,301.1190463170352,0.8794965707281264,7527.976157925878,15,0
297,10,415.2884975895694,0.4600023955807989,4152.884975895694,8,1
298,36,383.7704276808185,0.0950530455326927,13815.735396509466,28,0
299,4,446.6528508537596,0.826746768026247,1786.6114034150385,3,1
300,15,175.05594376199053,0.0476412574365066,2625.839156429858,5,1
301,10,137.2792402704987,0.7267492241681967,1372.792402704987,2,1
302,20,445.9174186738725,0.7739062217706651,8918.348373477449,18,0
303,9,345.9021407501104,0.3526026059288581,3113.119266750993,6,1
304,20,189.91801850339937,0.8247878562777867,3798.3603700679873,7,1
305,24,384.0566227576292,0.5156594058564534,9217.3589461831,18,0
306,24,416.8032730161656,0.4632936532727967,10003.278552387974,20,0
307,5,326.7402081535096,0.0454032814686925,1633.701040767548,3,1
308,35,359.5478494459618,0.2900291936489059,12584.174730608664,25,0
309,32,218.86695699919983,0.9310099708852998,7003.742623974395,14,0
310,21,292.41305030436763,0.3918239632835,6140.67405639172,12,1
311,42,285.871626826773,0.5467005205567683,12006.608326724468,24,0
312,4,431.62150600884735,0.5320216789842518,1726.4860240353894,3,1
313,35,427.9837911269822,0.5904310898226933,14979.432689444377,30,0
314,48,424.7062112061694,0.0613309556432826,20385.898137896133,41,2
315,30,54.9642264181096,0.3621762547987283,1648.9267925432882,3,1
316,18,387.2954680109997,0.7231282738825543,6971.318424197994,14,0
317,25,391.4043755499522,0.2005602510729829,9785.109388748804,19,0
318,32,355.2704702848138,0.2035783775463604,11368.655049114042,23,0
319,1,390.3190960511537,0.0100906066890247,390.3190960511537,0,1
320,12,428.8866671735189,0.4374819266082097,5146.640006082227,10,1
321,20,261.6435743458036,0.882734380673422,5232.87148691607,10,1
322,9,275.9225960698012,0.051900943587309,2483.303364628211,4,1
323,15,106.12132561012572,0.1911187094960026,1591.8198841518858,3,1
324,16,223.4191473713128,0.310084538342755,3574.706357941005,7,1
325,6,339.51433096030297,0.7317247365642129,2037.085985761818,3,1
326,12,401.1798992662736,0.6406355928025865,4814.158791195283,9,1
327,72,147.74409396104477,0.415943904581855,10637.574765195222,21,0
328,10,112.02030462165592,0.7590689392583757,1120.2030462165592,2,1
329,25,348.3689020252215,0.6096310116569019,8709.222550630537,17,0
330,63,50.84594758620979,0.8960407996572191,3203.2946979312164,6,1
331,45,130.26766293829843,0.818026749138693,5862.044832223429,11,1
332,32,63.08212115477918,0.2528136060892005,2018.6278769529335,3,1
333,6,125.09830303469192,0.2714385776342002,750.5898182081514,1,1
334,8,131.59367596647735,0.1253564757923856,1052.7494077318188,1,1
335,54,224.45311763767737,0.3369647257174565,12120.46835243458,24,0
336,48,231.04720610895015,0.9995439187190944,11090.265893229607,22,0
337,54,443.418111774607,0.405751168615061,23944.578035828778,49,2
338,35,279.5493706244713,0.2204884346891064,9784.227971856497,19,0
339,12,375.5321445255289,0.762482884475553,4506.385734306346,9,1
340,15,96.86181106412934,0.5424710034626561,1452.92716596194,2,1
341,6,151.44743995866224,0.1496014495269525,908.6846397519736,1,1
342,15,366.3245484404045,0.3806896811608657,5494.868226606069,11,1
343,18,73.76178221083764,0.4144697155393433,1327.7120797950774,2,1
344,30,268.9689480096889,0.7538297005692186,8069.068440290667,16,0
345,10,319.71603454832024,0.0206713688919044,3197.1603454832025,6,1
346,3,320.9655398236165,0.2690196467983105,962.8966194708496,1,1
347,20,60.319765070618914,0.517596301315522,1206.3953014123783,2,1
348,5,194.94860190313344,0.2688467424528433,974.7430095156674,1,1
349,4,336.42079297211933,0.6284340474189989,1345.683171888477,2,1
350,18,117.04988126715956,0.4818674792746166,2106.897862808872,4,1
351,28,362.937041747624,0.3617102548595806,10162.23716893347,20,0
352,5,385.66634396615353,0.9492086268705122,1928.331719830768,3,1
353,16,491.88613570076535,0.6321594991864574,7870.178171212246,15,0
354,3,144.42889768538424,0.1299413722679412,433.2866930561527,0,1
355,72,421.3088004497519,0.5600916974433955,30334.233632382133,62,2
356,25,284.13345961339434,0.780731853200901,7103.336490334858,14,0
357,6,218.05816826487805,0.7084896974927973,1308.3490095892682,2,1
358,35,105.06954079633007,0.1720892292952593,3677.433927871552,7,1
359,10,380.9775229193919,0.9724199990401032,3809.775229193919,7,1
360,12,156.1359196146592,0.448813645746606,1873.6310353759104,3,1
361,18,217.1399008428706,0.1590250037402613,3908.518215171671,7,1
362,24,78.1440021038158,0.1801957541281479,1875.456050491579,3,1
363,27,410.61511211878354,0.0982349921890805,11086.608027207156,22,0
364,14,394.9648357872396,0.8035181084349343,5529.507701021354,11,1
365,36,380.1271235190406,0.1220304943218486,13684.576446685462,28,0
366,45,184.749579721349,0.1251252571417469,8313.731087460705,16,0
367,70,128.06603341968076,0.8504716147608378,8964.622339377654,18,0
368,9,336.8989690116034,0.3446040844475596,3032.0907211044305,6,1
369,42,273.2748728509488,0.0308579043080724,11477.54465973985,23,0
370,10,130.2136101070887,0.0518952995184108,1302.136101070887,2,1
371,36,358.66007197243863,0.1421704467038955,12911.762591007791,26,0
372,42,496.0068943195867,0.2133933479756895,20832.28956142264,42,2
373,25,386.2488144839169,0.6651461942384054,9656.220362097923,19,0
374,28,382.9938740085253,0.1573262800018282,10723.828472238709,21,0
375,45,477.6407388187662,0.1188743911770719,21493.83324684448,44,2
376,18,141.321365408706,0.7647191414762792,2543.784577356708,4,1
377,24,304.4974842146482,0.6710552838599145,7307.939621151556,14,0
378,10,490.8410217652476,0.4353242214552361,4908.410217652476,9,1
379,28,124.38234993657856,0.549309771480104,3482.7057982241995,6,1
380,6,365.1133817500345,0.3119840203264185,2190.680290500207,4,1
381,28,313.6145656873559,0.4825004202353606,8781.207839245964,17,0
382,21,313.91559148491814,0.5066726489827458,6592.227421183281,13,1
383,21,363.9517823840338,0.3872372711780959,7642.987430064711,15,0
384,16,468.32761529405786,0.9065722106721628,7493.241844704926,15,0
385,7,402.1618729331021,0.0160618649810061,2815.1331105317145,5,1
386,5,75.2612465372945,0.7821712630912462,376.30623268647247,0,1
387,72,433.72760894407,0.1243828312413243,31228.387843973043,64,2
388,27,151.49359846657967,0.7975473605371994,4090.327158597651,8,1
389,12,219.61137413136737,0.6159119156767212,2635.3364895764084,5,1
390,21,257.779766125572,0.8432780909364024,5413.375088637012,10,1
391,20,266.40770033888134,0.0975143256408974,5328.154006777627,10,1
392,24,245.83117966491056,0.558980634099774,5899.948311957854,11,1
393,35,471.80898239713895,0.5010878802621971,16513.314383899866,33,0
394,28,367.7085534488111,0.7061931829633586,10295.83949656671,21,0
395,7,334.0267906805179,0.5342905518936758,2338.187534763625,4,1
396,48,72.4289125023237,0.5407345671331042,3476.587800111537,6,1
397,4,456.7609986171686,0.4295959435760647,1827.0439944686743,3,1
398,20,459.2255864037783,0.3088344240073408,9184.511728075566,18,0
399,12,401.09587854354606,0.4822643612521922,4813.150542522553,9,1
400,27,53.16314171612862,0.1184923587684005,1435.4048263354728,2,1
401,8,75.7761129849305,0.9615133389830848,606.208903879444,0,1
402,5,151.35066602082037,0.7144107636265983,756.7533301041019,1,1
403,6,109.107233665208,0.9524671166878468,654.6434019912481,1,1
404,28,229.47621336667825,0.2267273823299632,6425.333974266991,13,1
405,18,465.18037613950537,0.879341020176528,8373.246770511098,17,0
406,6,262.42719538864924,0.8087899845635386,1574.5631723318954,2,1
407,21,56.031181894474535,0.6771524124576737,1176.6548197839652,2,1
408,8,177.2355603104429,0.6250291860852057,1417.8844824835433,2,1
409,9,70.0677087678327,0.31654966526787,630.6093789104943,1,1
410,42,66.32943017607597,0.8164107849650307,2785.836067395191,5,1
411,12,174.07393389299853,0.5015154614797338,2088.8872067159823,4,1
412,6,174.02555240552545,0.0708915758912853,1044.153314433153,1,1
413,25,404.2069711707218,0.31286316085513,10105.174279268043,20,0
414,27,488.67559375150034,0.9352970985453276,13194.241031290509,26,0
415,56,217.04319225049923,0.8506802606048461,12154.418766027957,24,0
416,54,242.99909548746737,0.9819056980765392,13121.951156323235,26,0
417,9,430.15524632870967,0.6279933826040981,3871.397216958387,7,1
418,7,170.662559042981,0.2475100731404119,1194.637913300867,2,1
419,16,120.37181198155156,0.1628150496768637,1925.9489917048247,3,1
420,35,433.8903305316427,0.1869144406084616,15186.161568607493,31,0
421,6,70.92526389802947,0.0197956583472543,425.5515833881768,0,1
422,9,328.8647480897371,0.3906821109859392,2959.7827328076337,5,1
423,15,302.8967813600631,0.1914276804995425,4543.451720400946,9,1
424,48,205.6642013757624,0.4116554604567024,9871.881666036596,20,0
425,10,191.83528449381157,0.9349944318387656,1918.3528449381156,3,1
426,28,397.3359767817296,0.4305402095071899,11125.407349888428,22,0
427,10,88.89107484314592,0.8779844969848348,888.9107484314592,1,1
428,20,156.55293919012342,0.6055047666158765,3131.0587838024685,6,1
429,99,379.6019293271404,0.2471315546613919,37580.5910033869,77,2
430,1,296.7442626768909,0.3558547592592114,296.7442626768909,0,1
431,20,107.59469384011388,0.0839195358214294,2151.8938768022776,4,1
432,54,446.9610264269271,0.3334625935960105,24135.895427054063,49,2
433,9,227.0515309536162,0.677540945503534,2043.463778582546,3,1
434,45,422.54076889497776,0.0721110929294351,19014.334600274,39,2
435,40,404.4708569874689,0.2054014084780293,16178.834279498757,33,0
436,16,330.9914509122776,0.3814410414133115,5295.863214596442,10,1
437,15,272.5165090827918,0.9820495370159626,4087.747636241877,8,1
438,25,490.79787817179056,0.7848618229588802,12269.946954294765,25,0
439,72,115.23428257091769,0.7334867464921039,8296.868345106072,16,0
440,42,376.3200773980017,0.1161909565254459,15805.44325071607,32,0
441,64,136.03581565915505,0.7809958936149914,8706.292202185923,17,0
442,56,202.2183973995568,0.785268811516015,11324.23025437518,23,0
443,12,188.91443451793785,0.6011026956243283,2266.9732142152543,4,1
444,54,476.1661944824253,0.990361781998372,25712.97450205097,52,2
445,42,485.31028000472384,0.3252539059245519,20383.0317601984,41,2
446,32,132.35694990562723,0.9412724482418516,4235.422396980071,8,1
447,28,59.91582213387689,0.9147311149565036,1677.643019748553,3,1
448,40,374.0036178484009,0.0114806597493778,14960.144713936035,30,0
449,8,238.09547024171795,0.450116526474811,1904.763761933744,3,1
450,30,89.97811028940397,0.9771042330515732,2699.343308682119,5,1
451,10,357.6893475096691,0.1031213624080757,3576.893475096691,7,1
452,15,295.2974877173149,0.5477846943833194,4429.462315759723,8,1
453,10,491.2325699004977,0.978957507041104,4912.325699004977,9,1
454,36,152.33427313762053,0.5554954241058602,5484.033832954339,11,1
455,36,231.7900443469467,0.1898153029721559,8344.441596490082,16,0
456,1,294.14561152794033,0.5821832300925898,294.14561152794033,0,1
457,12,406.26499480400827,0.2044405739495468,4875.179937648099,9,1
458,16,296.9773955240264,0.5197042628944842,4751.638328384423,9,1
459,24,325.80507238787715,0.074042217912348,7819.321737309052,15,0
460,20,151.76617321547334,0.6054826692144046,3035.323464309467,6,1
461,30,431.1134276398519,0.5167899391281582,12933.402829195558,26,0
462,24,242.88374613671408,0.7401613687614631,5829.209907281138,11,1
463,42,113.43183238479617,0.630700471158785,4764.136960161439,9,1
464,8,348.8845615274378,0.5496062685307567,2791.0764922195026,5,1
465,18,147.24070393338835,0.6897788492481212,2650.332670800991,5,1
466,12,93.90312960768487,0.1439419135722308,1126.837555292219,2,1
467,24,437.8941087819225,0.5953596612586041,10509.45861076614,21,0
468,5,257.0730190197978,0.1721106028227776,1285.365095098989,2,1
469,9,387.1776707130994,0.9255222078518808,3484.599036417895,6,1
470,2,180.7644019128598,0.0683341048456042,361.5288038257196,0,1
471,16,404.13656071294986,0.4303747496907932,6466.184971407198,13,1
472,6,100.37116715968864,0.6957974776554449,602.2270029581318,0,1
473,16,210.1880182076837,0.4580222116682587,3363.0082913229394,6,1
474,24,490.1278180880879,0.0920952532329023,11763.067634114108,24,0
475,3,407.2953723656028,0.5533790161267074,1221.8861170968082,2,1
476,12,273.76516864160965,0.6416319088273545,3285.182023699316,6,1
477,32,202.89986220284828,0.7037923109905077,6492.795590491145,13,1
478,54,442.46106501011445,0.3732598144627588,23892.89751054618,49,2
479,72,295.18149158803203,0.5636599710287622,21253.067394338308,43,2
480,20,391.2912580411,0.4506864749389131,7825.825160822,15,0
481,30,389.34845614227385,0.6720560387522534,11680.453684268216,23,0
482,12,58.07555535582132,0.5835569673248185,696.9066642698558,1,1
483,36,106.81420225667604,0.5257562195591349,3845.311281240338,7,1
484,32,346.833214877634,0.2495243668382486,11098.662876084289,22,0
485,12,122.72891507864216,0.0020185177482339,1472.7469809437057,2,1
486,54,164.9720050950221,0.1740816753114292,8908.488275131192,18,0
487,21,475.9870793898232,0.1170660414241686,9995.728667186288,20,0
488,36,302.08201626871033,0.4490847450109467,10874.952585673573,22,0
489,4,387.8282781497062,0.6122581507618446,1551.3131125988248,2,1
490,45,301.09133245218794,0.2130850086848081,13549.109960348458,27,0
491,56,298.6311266522263,0.9390570959671872,16723.343092524676,34,0
492,45,92.36835955656406,0.0066821292238877,4156.576180045383,8,1
493,25,204.6484366740964,0.7723010151653429,5116.210916852409,10,1
494,14,177.09390440893026,0.6252047695304422,2479.314661725024,4,1
495,56,225.82776452612595,0.3735548010476819,12646.354813463053,25,0
496,54,409.2548847009477,0.0504889444124079,22099.763773851177,45,2
497,24,217.3697005625892,0.6274865717842794,5216.87281350214,10,1
498,50,253.26356865425723,0.385613512865648,12663.178432712864,25,0
499,8,228.82162571839245,0.9362671394132192,1830.5730057471396,3,1
500,18,92.03358738888302,0.5419900748897659,1656.6045729998946,3,1
501,10,248.4824712128527,0.9396515112935082,2484.8247121285267,4,1
502,40,138.02417287003175,0.2204836934733041,5520.96691480127,11,1
503,9,134.02548309786866,0.7257259103641033,1206.2293478808178,2,1
504,8,92.31624699541986,0.6172490208487257,738.5299759633589,1,1
505,16,210.50193836379407,0.7394082298313118,3368.031013820706,6,1
506,24,390.8668481552378,0.2146678639725368,9380.804355725708,19,0
507,9,174.39876076252824,0.6649945162377737,1569.588846862754,2,1
508,56,190.5570958484811,0.498040393056869,10671.197367514942,21,0
509,48,339.2035959525906,0.7428249749063163,16281.772605724347,33,0
510,4,138.1283656641135,0.3270446441518178,552.513462656454,0,1
511,48,453.6310686905904,0.8900570254652526,21774.291297148346,44,2
512,2,284.0857354631995,0.0843013146113503,568.171470926399,0,1
513,30,251.42132314409764,0.807189318791188,7542.639694322929,15,0
514,40,301.0190863681406,0.8613196258150907,12040.763454725624,24,0
515,15,124.71544103728796,0.8172523113668213,1870.7316155593196,3,1
516,40,326.0629123876293,0.512726394261776,13042.516495505171,26,0
517,4,213.3953314853047,0.4383849800307613,853.5813259412188,1,1
518,36,453.7338534340785,0.9962622865248768,16334.418723626826,33,0
519,45,125.98439300495878,0.2291719512141621,5669.297685223145,11,1
520,25,278.1729967394485,0.5468759658760446,6954.3249184862125,14,0
521,24,319.1506832160581,0.6706755253823257,7659.616397185395,15,0
522,42,65.02262080387155,0.700867635861432,2730.950073762605,5,1
523,70,213.66190614026308,0.2040246657385787,14956.33342981842,30,0
524,35,379.6858556153748,0.6539940923398012,13289.004946538116,27,0
525,45,419.169878352038,0.8183695664813373,18862.644525841708,38,2
526,12,190.92289766777705,0.0500185768211122,2291.0747720133245,4,1
527,35,409.36697257223807,0.9115212933253164,14327.844040028333,29,0
528,45,485.4901446965249,0.0295040551452059,21847.05651134362,44,2
529,49,435.59327123379234,0.3559710324883943,21344.070290455827,43,2
530,24,102.93979467169636,0.015813196232962,2470.5550721207123,4,1
531,16,382.87864943849326,0.0771451685395818,6126.058391015892,12,1
532,10,193.85007459824516,0.911168285180079,1938.5007459824512,3,1
533,28,494.78719523543447,0.3548608307461478,13854.041466592163,28,0
534,16,268.4115424219492,0.4247715304250529,4294.584678751187,8,1
535,3,105.09525426152346,0.2153443813825526,315.2857627845704,0,1
536,45,376.33349661232586,0.5970957701867198,16935.007347554663,34,0
537,8,195.35503927379625,0.5948032146777896,1562.8403141903698,2,1
538,72,498.68517068674777,0.3722003918252192,35905.33228944584,73,2
539,4,490.9021060345348,0.3330348718053983,1963.6084241381395,3,1
540,40,345.2603081092613,0.8849643081805878,13810.412324370453,28,0
541,21,108.42190202827292,0.3832842396422014,2276.859942593731,4,1
542,42,359.0874489537631,0.4935009921544082,15081.672856058049,30,0
543,15,91.86371890701224,0.2833047624249306,1377.9557836051836,2,1
544,35,63.213871596076544,0.7867695033571274,2212.485505862679,4,1
545,9,420.3313007996687,0.3974481568990916,3782.9817071970174,7,1
546,16,144.3888264576566,0.5136110465443245,2310.221223322505,4,1
547,40,220.56220679859385,0.2533571700596614,8822.488271943752,17,0
548,18,488.0558254892779,0.9876595923412518,8785.004858807002,17,0
549,12,201.5782258374965,0.2914957409237229,2418.938710049957,4,1
550,20,183.42040157749187,0.7707425309055517,3668.4080315498377,7,1
551,40,463.1935998302489,0.4274956503567592,18527.743993209955,37,2
552,8,99.83680039353116,0.2062174050841398,798.6944031482492,1,1
553,12,391.8120845515843,0.7997187639648612,4701.745014619011,9,1
554,8,494.6295049937483,0.3336067890290431,3957.0360399499855,7,1
555,18,455.583204848592,0.8651933473978111,8200.497687274656,16,0
556,11,343.25056341789167,0.915257184917823,3775.756197596808,7,1
557,42,191.3273577467294,0.8598238353912759,8035.749025362636,16,0
558,6,164.44489153024253,0.0350079148068056,986.6693491814552,1,1
559,42,418.6647971921575,0.7873733450051056,17583.921482070615,36,0
560,40,445.9198612782628,0.4113394664991439,17836.794451130514,36,0
561,10,286.4457106455618,0.8737229201822251,2864.457106455618,5,1
562,4,159.95297335390978,0.6379542626847388,639.8118934156391,1,1
563,20,100.82444378502812,0.8336431341439583,2016.4888757005624,3,1
564,3,89.23076052432403,0.4994317698668353,267.6922815729721,0,1
565,24,373.58485130923503,0.5350255045989328,8966.03643142164,18,0
566,21,239.05342753147625,0.1443876321336672,5020.121978161002,10,1
567,7,457.41194342504167,0.7839873586893554,3201.883603975292,6,1
568,24,382.85208532704365,0.4193896116669716,9188.450047849048,18,0
569,6,136.06718806156402,0.5000801182715826,816.4031283693841,1,1
570,28,326.1998384670646,0.7850977140957076,9133.595477077808,18,0
571,6,245.9774544791717,0.598845400079439,1475.8647268750303,2,1
572,4,309.7623788458759,0.2010987274426674,1239.0495153835036,2,1
573,12,382.13110550233273,0.5902326591508927,4585.573266027993,9,1
574,5,412.7881464517058,0.4076328579796557,2063.9407322585294,4,1
575,21,429.6817968830259,0.4695255420438626,9023.317734543543,18,0
576,45,164.28869355741114,0.0283112744026677,7392.991210083501,15,0
577,28,64.00201996281096,0.2100293495162816,1792.056558958707,3,1
578,28,382.6826308241479,0.2810380813810282,10715.11366307614,21,0
579,20,97.85467681509856,0.7129600078588058,1957.0935363019717,3,1
580,12,191.71381487583548,0.0114924732981153,2300.5657785100257,4,1
581,20,51.71771035595621,0.4087772612291321,1034.3542071191243,1,1
582,36,356.7512670807289,0.9240268704257328,12843.045614906245,26,0
583,9,125.20940516204956,0.1118806165491238,1126.884646458446,2,1
584,5,344.8770843612462,0.516424388218611,1724.385421806231,3,1
585,8,496.28417772552746,0.786522382390847,3970.27342180422,7,1
586,30,82.70189222450733,0.9425313075201168,2481.05676673522,4,1
587,20,84.68510537815732,0.746776639533718,1693.7021075631465,3,1
588,32,203.1710417000037,0.7205655486444061,6501.473334400119,13,1
589,54,439.873931413104,0.8264880901957624,23753.19229630761,48,2
590,12,146.98844095609934,0.4462012209775436,1763.861291473192,3,1
591,36,212.1700189686564,0.8058445326178331,7638.12068287163,15,0
592,25,80.8274329821408,0.0079644047454511,2020.68582455352,3,1
593,3,393.4198810665002,0.9245610553768048,1180.2596431995007,2,1
594,5,233.73785424175296,0.4433065095171753,1168.689271208765,2,1
595,18,391.6619298773792,0.5533801878657476,7049.914737792827,14,0
596,12,456.6235299560578,0.2548822489148823,5479.482359472693,11,1
597,18,154.74341619557993,0.7425308328404214,2785.3814915204384,5,1
598,1,413.3282136529781,0.0766358064752488,413.3282136529781,0,1
599,90,76.59225053521398,0.8726358025468353,6893.302548169258,13,1
600,24,454.4813246811113,0.8281168290063428,10907.55179234667,22,0
601,20,342.8458464014363,0.2160601162447664,6856.916928028726,13,1
602,56,443.4020258622582,0.8093243982852624,24830.51344828646,51,2
603,18,50.08477980046185,0.7863577330614815,901.5260364083132,1,1
604,4,126.08648166019664,0.632216597753949,504.3459266407865,0,1
605,25,225.39172434192147,0.3735201768996875,5634.793108548037,11,1
606,64,220.77630651862336,0.2714987541818678,14129.683617191897,28,0
607,14,152.0286723155798,0.23178359028935,2128.401412418117,4,1
608,20,221.72537294024005,0.3186089627636072,4434.507458804801,8,1
609,56,107.98192040011467,0.9035584434325304,6046.987542406422,12,1
610,30,235.7425081697117,0.0776407759887812,7072.275245091351,14,0
611,55,411.0594481216689,0.8288712762529588,22608.26964669179,46,2
612,56,265.581528396508,0.3488900750418236,14872.56559020445,30,0
613,15,58.10004002534674,0.5215993960113582,871.5006003802011,1,1
614,12,239.64981871066135,0.7944856336484906,2875.7978245279364,5,1
615,81,62.22875724087987,0.8843765470229713,5040.529336511269,10,1
616,35,484.8095348180592,0.344781420072647,16968.33371863207,34,0
617,4,107.35428174029104,0.4618434812751103,429.4171269611642,0,1
618,44,368.4597468487784,0.4145160648167922,16212.228861346252,33,0
619,16,487.7493453014386,0.0132510335039105,7803.989524823018,15,0
620,63,421.71757324995735,0.2959428888586566,26568.20711474731,54,2
621,30,364.6919188067917,0.4591892337325617,10940.75756420375,22,0
622,45,427.7574092753451,0.4110936088804397,19249.08341739053,39,2
623,12,491.8094119672824,0.7219292275156795,5901.712943607389,11,1
624,12,329.6050237640883,0.3848036172211032,3955.260285169059,7,1
625,15,301.6331630731969,0.4893764489706702,4524.497446097954,9,1
626,25,332.7071497084766,0.4296085921323634,8317.678742711916,16,0
627,6,289.7041490426997,0.7406261488943705,1738.2248942561982,3,1
628,48,335.79009765937343,0.8629723989869625,16117.924687649924,33,0
629,32,252.4289935876517,0.5318890790075141,8077.727794804853,16,0
630,5,148.29943229748818,0.7894321941951912,741.497161487441,1,1
631,24,104.11125193025404,0.2967866820198506,2498.670046326097,4,1
632,20,80.75342098951718,0.5413696101572687,1615.0684197903436,3,1
633,4,168.49210268894004,0.3452299536699724,673.9684107557601,1,1
634,14,70.75560395108022,0.4142009255718303,990.578455315123,1,1
635,18,305.2268509637235,0.7324138648126685,5494.083317347023,11,1
636,27,177.72280116058414,0.8816624823327127,4798.515631335772,9,1
637,3,421.0406636391645,0.1214953910877654,1263.1219909174931,2,1
638,18,83.4083928447739,0.6346392564873805,1501.35107120593,2,1
639,72,151.85817245366866,0.5821438075777985,10933.788416664143,22,0
640,16,378.6107661905656,0.1184150391759318,6057.77225904905,12,1
641,24,319.46373337257114,0.211894330440109,7667.129600941707,15,0
642,12,79.0210720621254,0.3110024947326802,948.2528647455048,1,1
643,24,444.75775572299017,0.1669310708175014,10674.186137351764,21,0
644,27,444.7677932717808,0.2437294825243418,12008.73041833808,24,0
645,2,198.68360174409824,0.2676007988617075,397.3672034881965,0,1
646,45,203.1826295073041,0.3356738330390596,9143.218327828688,18,0
647,18,495.0627612575783,0.7493904528011589,8911.129702636408,18,0
648,6,331.7792772169122,0.5719122038506007,1990.6756633014727,3,1
649,32,289.0924342556266,0.9862466719514016,9250.95789618005,18,0
650,2,427.168482598366,0.414735826967471,854.336965196732,1,1
651,24,178.3806522607924,0.7538650738369249,4281.135654259017,8,1
652,10,243.1321670283606,0.8714684213765338,2431.321670283606,4,1
653,6,170.49950396975038,0.6789784930380419,1022.9970238185024,1,1
654,4,405.1223809649292,0.411864740417496,1620.4895238597169,3,1
655,4,308.0072055358481,0.753594630745753,1232.0288221433923,2,1
656,5,346.4712815630317,0.2036671377726848,1732.3564078151585,3,1
657,54,163.53826242773297,0.3275521651801324,8831.066171097578,17,0
658,12,149.1013856197918,0.5466852550992888,1789.2166274375018,3,1
659,4,269.7685830423224,0.5754093872861483,1079.0743321692896,1,1
660,36,381.904587091772,0.0221414754726294,13748.565135303794,28,0
661,42,286.35789088407205,0.9451141887560088,12027.031417131026,24,0
662,6,64.69055489555087,0.6966272712173899,388.1433293733053,0,1
663,78,440.84817784413,0.4957037502318911,34386.15787184214,70,2
664,28,79.10910208180921,0.9331272344083084,2215.054858290658,4,1
665,6,480.1210176743386,0.4390955652508285,2880.7261060460314,5,1
666,14,61.31388122477273,0.980435570270372,858.3943371468182,1,1
667,21,362.5027052588189,0.5122847572434851,7612.556810435198,15,0
668,4,86.99317867030175,0.1142857699979794,347.972714681207,0,1
669,16,459.8044607458128,0.7648009724592773,7356.871371933005,14,0
670,12,258.99495630149426,0.6788977250778405,3107.939475617931,6,1
671,24,111.88569866765692,0.7729867213055868,2685.256768023766,5,1
672,27,203.36706490543096,0.9514420287256812,5490.910752446636,11,1
673,30,124.17110390604292,0.7764893026510181,3725.133117181288,7,1
674,45,126.7618602006905,0.6113366022166469,5704.283709031073,11,1
675,28,476.648744077149,0.8573089023608409,13346.164834160172,27,0
676,54,250.36075052815468,0.6732464393545315,13519.480528520353,27,0
677,8,404.9610187574118,0.4081190568259231,3239.6881500592945,6,1
678,64,337.82250252995686,0.8856197642417732,21620.64016191724,44,2
679,32,354.3918630522765,0.2219004607843728,11340.539617672848,23,0
680,6,109.26204731241734,0.7146412749087242,655.572283874504,1,1
681,20,155.38300106696855,0.8815634549407569,3107.660021339371,6,1
682,42,404.0376508194966,0.7313165197032964,16969.581334418857,34,0
683,20,486.8447929136523,0.6972754190538569,9736.895858273048,19,0
684,8,168.2040391693933,0.752638294071836,1345.6323133551464,2,1
685,30,172.20594413796795,0.4650552483006444,5166.178324139039,10,1
686,24,262.8037097649072,0.874170682157026,6307.289034357773,12,1
687,15,492.728140784947,0.2034364751360912,7390.922111774205,15,0
688,63,171.03152562191198,0.1273864160003393,10774.986114180454,21,0
689,6,233.13735933541875,0.2855087801185115,1398.8241560125125,2,1
690,24,451.1660070305781,0.5315773967749932,10827.984168733874,22,0
691,35,51.3144646796129,0.5105617954093381,1796.0062637864517,3,1
692,54,67.8946842448563,0.8205987576765866,3666.31294922224,7,1
693,30,321.83225468204864,0.4045686564040174,9654.967640461458,19,0
694,24,458.32107412078113,0.4843444262915086,10999.705778898748,22,0
695,14,157.48549718086744,0.0133676832593956,2204.796960532144,4,1
696,16,261.3387986063191,0.4097392364429391,4181.420777701105,8,1
697,64,252.70938574601823,0.6477742329503421,16173.400687745168,33,0
698,42,262.8371057429796,0.0155083306265921,11039.158441205143,22,0
699,40,330.13386307838533,0.2808819651862437,13205.354523135413,27,0
700,56,261.3846933458077,0.2079563592893899,14637.542827365232,29,0
701,15,251.360663595106,0.0419854289095882,3770.409953926591,7,1
702,14,263.4297891940672,0.4792600899145375,3688.0170487169407,7,1
703,30,315.8903485719687,0.1817232932281565,9476.71045715906,19,0
704,8,291.65336975811124,0.7430815396313801,2333.22695806489,4,1
705,9,434.36119894272696,0.8479278837633485,3909.2507904845424,7,1
706,18,72.27358407214997,0.5455851826691478,1300.9245132986996,2,1
707,10,424.9926821628556,0.9817073425211416,4249.926821628556,8,1
708,40,429.76607567527583,0.4504785714705953,17190.643027011032,35,0
709,45,178.20860968893237,0.5133682102249155,8019.387436001957,16,0
710,18,258.2833797571328,0.98921775395775,4649.100835628391,9,1
711,12,247.342319841846,0.2315484359650488,2968.107838102152,5,1
712,24,148.32942545935862,0.9425459396769053,3559.906211024607,7,1
713,12,228.5585811888424,0.0428375551191132,2742.702974266109,5,1
714,3,69.9744974768845,0.4463868902631948,209.92349243065348,0,1
715,28,175.0199327517805,0.0700035121330657,4900.5581170498535,9,1
716,4,417.5069789528232,0.729234742913643,1670.0279158112926,3,1
717,25,178.0530357933039,0.6084089358800178,4451.325894832597,8,1
718,32,418.19300093671137,0.7066342634675964,13382.176029974764,27,0
719,4,289.21975907199385,0.3744803999680169,1156.8790362879754,2,1
720,70,445.938204812522,0.3694819340313803,31215.67433687654,64,2
721,12,308.6507994189868,0.0453192789608946,3703.809593027842,7,1
722,28,63.35070037913291,0.3499449395296398,1773.8196106157216,3,1
723,32,353.9390933961901,0.9292884022620594,11326.050988678084,23,0
724,8,70.1841056106059,0.3792265371804489,561.4728448848472,0,1
725,5,252.76865854241024,0.83136770622197,1263.8432927120514,2,1
726,30,468.2420125129012,0.8423255047499341,14047.26037538704,28,0
727,36,124.34177270203256,0.3732411563792338,4476.303817273172,8,1
728,40,225.44255882369484,0.631988680396189,9017.702352947794,18,0
729,15,378.4371389818153,0.0953716022730586,5676.557084727229,11,1
730,12,447.0163502426814,0.1036785807342765,5364.196202912177,10,1
731,20,351.9243521341285,0.0486576636617133,7038.487042682571,14,0
732,22,166.17796438602613,0.5810150933751095,3655.915216492575,7,1
733,6,353.5735338122973,0.4260709776260969,2121.441202873784,4,1
734,8,183.5274384968405,0.5480323566642401,1468.219507974724,2,1
735,30,373.2931534184309,0.5210731905083879,11198.794602552924,22,0
736,21,479.31490741326826,0.3502029910907303,10065.613055678634,20,0
737,6,374.6270529978297,0.6774734148234729,2247.7623179869784,4,1
738,21,438.2962263105856,0.7585018809163907,9204.220752522297,18,0
739,30,50.94672942914754,0.0146282588776757,1528.4018828744263,2,1
740,9,372.9074561292175,0.2072422997688783,3356.167105162957,6,1
741,4,423.31440058936266,0.7132358680833368,1693.2576023574509,3,1
742,24,68.25143189510663,0.3866201726338342,1638.0343654825592,3,1
743,30,442.2189772797038,0.6624839469416082,13266.569318391112,27,0
744,4,165.5124027395206,0.3469626597345584,662.0496109580824,1,1
745,3,349.38144589012484,0.3907551523296371,1048.1443376703746,1,1
746,24,410.159695560533,0.1586788736896849,9843.832693452792,20,0
747,16,348.19903087671,0.25823101966616,5571.18449402736,11,1
748,35,91.52815643296576,0.6054117575075872,3203.485475153802,6,1
749,8,318.3446834871657,0.4331631113151664,2546.757467897326,5,1
750,35,297.31264552496464,0.7743026829445951,10405.942593373762,21,0
751,15,455.14457063342223,0.8525849549383427,6827.168559501332,13,1
752,25,231.90787833989413,0.5416464182167599,5797.696958497353,11,1
753,24,194.48649368917256,0.7582672920560591,4667.6758485401415,9,1
754,54,387.4328439964099,0.30690451319457,20921.37357580613,42,2
755,30,235.70389673752848,0.4149712154000782,7071.116902125855,14,0
756,56,340.74327875227834,0.712777676216831,19081.623610127583,39,2
757,14,340.9025405560731,0.3862119928170306,4772.635567785023,9,1
758,108,449.6175789620531,0.5885049351589888,48558.698527901724,99,2
759,24,319.4115810435938,0.1853727790825114,7665.877945046252,15,0
760,2,275.96912448289413,0.599771314970498,551.9382489657883,0,1
761,49,112.49209687843263,0.8615137072268936,5512.112747043199,11,1
762,18,102.08192300541742,0.8686396398234256,1837.4746140975133,3,1
763,6,119.44470437738572,0.7243444063295397,716.6682262643143,1,1
764,9,127.33181659719251,0.745753379076126,1145.9863493747328,2,1
765,45,337.04469169863523,0.5579274451507007,15167.011126438583,31,0
766,14,383.44156262356034,0.5846680901658248,5368.181876729845,10,1
767,6,288.4961853168884,0.133650581410518,1730.9771119013303,3,1
768,35,423.057979645471,0.4438591884213011,14807.029287591486,30,0
769,10,496.06845203013495,0.4507762838863638,4960.684520301349,9,1
770,4,419.0056831037102,0.9584978356677402,1676.022732414841,3,1
771,24,362.6970681541816,0.4310868626232895,8704.72963570036,17,0
772,40,289.62171474671595,0.5493426449027576,11584.868589868638,23,0
773,16,251.9838822536187,0.5332513992791025,4031.7421160578992,8,1
774,28,87.97657124504406,0.6367617170443272,2463.3439948612336,4,1
775,12,229.7159367776109,0.7482328313318959,2756.591241331331,5,1
776,24,459.5605865519604,0.2250418761708721,11029.45407724705,22,0
777,27,413.6101834579488,0.5287244190984357,11167.47495336462,22,0
778,5,147.22311425525925,0.8259177073160304,736.1155712762962,1,1
779,25,259.97350311374714,0.4631147138375114,6499.337577843678,13,1
780,12,417.525441151345,0.278457546373573,5010.30529381614,10,1
781,40,80.32304965348513,0.6547090753562991,3212.921986139405,6,1
782,3,224.32666355089668,0.823767395799123,672.97999065269,1,1
783,63,433.32855659327646,0.0631402929273913,27299.69906537642,56,2
784,24,231.75403887655568,0.7767904834072271,5562.096933037336,11,1
785,40,84.9265901291484,0.8216479329617712,3397.063605165936,6,1
786,9,294.1404658395131,0.4615229275886068,2647.264192555618,5,1
787,25,437.7841227132329,0.9833056568184674,10944.603067830823,22,0
788,35,315.6284943289219,0.7867083407073091,11046.997301512269,22,0
789,20,151.8255986964043,0.7736625648956658,3036.5119739280863,6,1
790,5,222.9078290618216,0.7478385744120718,1114.539145309108,2,1
791,9,252.55551253186948,0.150608103218274,2272.9996127868253,4,1
792,40,310.6698592192371,0.2172308864530108,12426.794368769482,25,0
793,24,391.7079615886758,0.463990131464425,9400.99107812822,19,0
794,36,94.49312793828592,0.2640043499594658,3401.7526057782934,6,1
795,16,450.34341485790486,0.4152409723340404,7205.494637726478,14,0
796,8,55.539366357234016,0.8884641099229207,444.3149308578721,0,1
797,12,216.5235506034149,0.8243268918792692,2598.2826072409785,5,1
798,63,62.339139487695945,0.6300398784799822,3927.365787724845,7,1
799,25,226.83840140538103,0.8581203942511035,5670.960035134526,11,1
800,24,286.6156694929957,0.7837723890172491,6878.776067831897,13,1
801,4,280.25662396168025,0.4289849318408905,1121.026495846721,2,1
802,21,124.5327561627194,0.2010651520499451,2615.187879417108,5,1
803,15,340.58322954302554,0.5142010400093392,5108.748443145383,10,1
804,54,70.1503027271007,0.7362288825285501,3788.1163472634375,7,1
805,15,392.85806905958697,0.4364195987295931,5892.871035893803,11,1
806,20,475.9899952970958,0.6667719097838972,9519.799905941916,19,0
807,5,202.89597221800304,0.0943274262910436,1014.4798610900152,1,1
808,6,282.7577217714494,0.7480047363714034,1696.5463306286963,3,1
809,6,220.50962512646643,0.8127136198930621,1323.0577507587986,2,1
810,18,53.01967563682698,0.7068378557805411,954.3541614628856,1,1
811,20,223.64352630280217,0.9672635875263657,4472.870526056044,8,1
812,15,406.27411666760594,0.8266520574606404,6094.111750014089,12,1
813,12,318.1949789825668,0.9030937278765384,3818.3397477908015,7,1
814,40,95.56696157682153,0.9335710834576482,3822.6784630728607,7,1
815,4,431.2127703622033,0.8013479918738086,1724.8510814488131,3,1
816,45,288.98840519835926,0.6742588420064991,13004.478233926166,26,0
817,14,428.7755127851042,0.0057185813607892,6002.85717899146,12,1
818,27,311.0996834532632,0.4658257532231247,8399.691453238107,17,0
819,28,301.85980017707294,0.571162298622361,8452.074404958043,17,0
820,56,97.36663333865556,0.3040302724479996,5452.531466964712,11,1
821,8,125.31187991238258,0.318104446903472,1002.4950392990606,1,1
822,42,487.411365423466,0.9611594157101652,20471.277347785574,42,2
823,6,152.81903603964685,0.8917108652027459,916.9142162378812,1,1
824,16,489.8534530956656,0.8491790055017042,7837.655249530649,15,0
825,56,289.3607179359185,0.4060118017061106,16204.200204411436,33,0
826,20,111.10507117877172,0.0136985504089145,2222.101423575434,4,1
827,12,94.68599123916184,0.080222246455714,1136.2318948699422,2,1
828,21,143.988831817583,0.3121963682176036,3023.765468169243,5,1
829,16,466.5367985114011,0.0157429129956769,7464.588776182418,15,0
830,8,236.36760094770204,0.0171497819151981,1890.9408075816164,3,1
831,25,227.94542059681143,0.9166033016424112,5698.635514920286,11,1
832,5,190.94281748157832,0.7061585021190541,954.7140874078916,1,1
833,28,116.17783275496475,0.3089559900681526,3252.9793171390133,6,1
834,56,269.5330387365829,0.1326445776009531,15093.850169248642,30,0
835,36,108.5215021300124,0.5116357178950771,3906.7740766804463,7,1
836,30,425.9661063720475,0.0053461608543644,12778.983191161422,26,0
837,48,216.6786438238879,0.938413743858144,10400.57490354662,21,0
838,8,218.6616055018084,0.4148151193889472,1749.292844014467,3,1
839,5,263.3028928174201,0.4023349552373327,1316.5144640871006,2,1
840,42,249.85747092458823,0.3905936075817822,10494.013778832708,21,0
841,28,497.6860878766946,0.0693283303877647,13935.21046054745,28,0
842,10,295.42150454823616,0.6383222397918266,2954.2150454823613,5,1
843,10,89.6907667054418,0.7330036196283534,896.907667054418,1,1
844,4,323.0948037096185,0.6761253975882903,1292.379214838474,2,1
845,56,118.21293179144598,0.1384354933293943,6619.924180320975,13,1
846,56,63.921940129103895,0.5788401680355927,3579.628647229818,7,1
847,4,486.8339691547617,0.5694844841722538,1947.3358766190468,3,1
848,56,398.0925011905538,0.868410787941382,22293.18006667101,45,2
849,81,491.0490465861951,0.379127658375647,39774.9727734818,81,2
850,24,265.0453016100091,0.3714859436594342,6361.087238640219,12,1
851,1,289.5158890170393,0.6185270587181856,289.5158890170393,0,1
852,5,125.7516301636086,0.633072653499513,628.758150818043,1,1
853,27,161.10834200041353,0.4692852273257903,4349.925234011165,8,1
854,25,427.3471467062726,0.4430593623304211,10683.678667656815,21,0
855,40,210.28354120291735,0.4941476706378827,8411.341648116695,17,0
856,18,422.0667382083885,0.8610452995033119,7597.201287750993,15,0
857,2,369.0561759291643,0.46116690125391,738.1123518583286,1,1
858,16,129.72691637233947,0.9399317919698224,2075.630661957432,4,1
859,30,278.350864753884,0.504003763596326,8350.525942616518,16,0
860,27,354.8242946834226,0.9492006931808912,9580.255956452407,19,0
861,6,155.7667466617213,0.8328319018690756,934.6004799703278,1,1
862,36,423.80982973403457,0.3624313226158291,15257.153870425243,31,0
863,45,295.172445895334,0.863641421296616,13282.760065290033,27,0
864,54,124.35892269917144,0.1100632842011152,6715.3818257552575,13,1
865,30,312.3429917740711,0.9250471753430144,9370.289753222132,19,0
866,54,499.8712118701613,0.6316435150828916,26993.045440988717,55,2
867,12,117.73467124853612,0.0543907485223111,1412.8160549824331,2,1
868,10,417.5406185537876,0.6442567236508115,4175.406185537876,8,1
869,18,143.28905143440107,0.974247654144756,2579.202925819219,5,1
870,16,402.0747482570393,0.0698006546146289,6433.195972112629,13,1
871,66,380.5600654046359,0.5546877097800863,25116.964316705977,51,2
872,12,185.22022352019457,0.7477943497593724,2222.6426822423346,4,1
873,18,196.6204029040024,0.8102585866995313,3539.167252272044,7,1
874,14,406.6346263833136,0.4138274653207959,5692.88476936639,11,1
875,8,257.65048034929066,0.204166559168243,2061.2038427943253,4,1
876,9,378.86811292031393,0.0423422787723838,3409.8130162828256,6,1
877,28,116.59286631462564,0.5797261570972247,3264.6002568095178,6,1
878,15,433.6510018556991,0.4529110702676108,6504.765027835485,13,1
879,4,369.8981225070436,0.948744395149711,1479.5924900281743,2,1
880,32,458.12426397567526,0.0606049077149097,14659.976447221608,30,0
881,24,109.5675705657376,0.6853953434460057,2629.621693577703,5,1
882,28,316.8565251622689,0.0249662221200571,8871.98270454353,18,0
883,45,319.6042632681463,0.1714341767105427,14382.191847066586,29,0
884,35,209.0573332460521,0.4535789999228341,7317.006663611824,14,0
885,7,256.309891056166,0.4548724428028682,1794.169237393162,3,1
886,42,67.09170348043406,0.6857005429336439,2817.851546178231,5,1
887,35,385.6370173821554,0.9102130348677566,13497.29560837544,27,0
888,9,297.1951157314283,0.6390321589149208,2674.756041582855,5,1
889,72,75.9834733411282,0.9535350978515088,5470.81008056123,11,1
890,7,356.3401518322185,0.8816156398779976,2494.3810628255296,4,1
891,7,260.05193475403456,0.5844997955307901,1820.3635432782417,3,1
892,5,65.50756674125,0.8337919509188273,327.53783370625,0,1
893,27,486.3234770816429,0.642577610323634,13130.733881204358,26,0
894,48,477.1004643902482,0.0785578309237271,22900.822290731918,47,2
895,12,280.80608726623893,0.74056472325951,3369.673047194867,6,1
896,16,92.1525893176596,0.0949084412673462,1474.4414290825534,2,1
897,18,389.5795497193663,0.5940827805697124,7012.431894948593,14,0
898,63,271.3689950475781,0.7026402058582288,17096.24668799742,35,0
899,15,186.10136523022092,0.0665276082108552,2791.5204784533144,5,1
900,20,271.1381798878506,0.2307946539265317,5422.763597757012,10,1
901,24,285.099865432459,0.9156722322616498,6842.396770379017,13,1
902,8,303.22026456005267,0.6163144922328964,2425.7621164804214,4,1
903,30,248.5506711448969,0.2462860188105315,7456.520134346909,15,0
904,20,322.5898864125755,0.6906797711480066,6451.797728251509,13,1
905,54,463.4306197728699,0.5967764199616896,25025.25346773497,51,2
906,20,213.02063919436603,0.5015756999179484,4260.412783887321,8,1
907,4,376.5724084489771,0.9761869749880836,1506.2896337959085,2,1
908,25,452.5036505709045,0.6834537774075089,11312.591264272613,23,0
909,16,255.1906740919716,0.3754411096679126,4083.0507854715456,8,1
910,49,249.5551263718569,0.800073432076868,12228.201192220986,24,0
911,24,320.9526434096508,0.8845832929211878,7702.863441831618,15,0
912,14,316.13304174011967,0.1252205595168314,4425.862584361676,8,1
913,20,412.9652040468246,0.2005529778452665,8259.304080936492,16,0
914,56,264.4175227002317,0.2162270091277797,14807.381271212977,30,0
915,56,498.2553273377485,0.6912118093865404,27902.29833091392,57,2
916,25,76.76220599027636,0.6030395550532833,1919.055149756909,3,1
917,54,51.42553186131578,0.6189915646985882,2776.9787205110524,5,1
918,4,338.0892402018307,0.940773299689501,1352.3569608073228,2,1
919,24,184.2957105628445,0.775911532807306,4423.097053508268,8,1
920,28,158.17207491476773,0.1279369245117831,4428.818097613496,8,1
921,60,190.3545860019262,0.3475070824251809,11421.275160115572,23,0
922,36,165.22140429722944,0.4353936461757356,5947.97055470026,12,1
923,21,63.85552234720153,0.3959615887476048,1340.965969291232,2,1
924,12,487.189869075765,0.6693086091618792,5846.27842890918,11,1
925,24,149.33546980375178,0.8918931032565626,3584.0512752900427,7,1
926,20,380.3133931651879,0.306051463522788,7606.267863303757,15,0
927,20,393.1683776123789,0.5518771364211856,7863.367552247578,15,0
928,18,468.1658291032532,0.7894094219135855,8426.984923858558,17,0
929,72,63.747255692020985,0.4162180588453493,4589.802409825511,9,1
930,16,442.4217523011535,0.1681181283992958,7078.748036818455,14,0
931,6,287.2517813779101,0.4749509652637482,1723.5106882674606,3,1
932,6,334.64484948462257,0.0552225207430284,2007.8690969077356,3,1
933,3,340.01162470446513,0.9423834540022769,1020.0348741133954,1,1
934,12,418.9090122431274,0.074821205194973,5026.908146917529,10,1
935,54,200.03329497159973,0.4384567152505781,10801.797928466383,22,0
936,35,379.873035436997,0.5298812610885262,13295.556240294896,27,0
937,28,287.8601493749887,0.9853038322872856,8060.084182499683,16,0
938,56,407.0273064374065,0.1660218236428607,22793.529160494763,46,2
939,64,495.74571474656005,0.1144315186123585,31727.725743779843,65,2
940,4,140.29295783169255,0.0087061470625435,561.1718313267702,0,1
941,32,497.59188870199904,0.1555714368693023,15922.94043846397,32,0
942,24,90.4154694272483,0.2072729790676676,2169.971266253959,4,1
943,20,51.04289655716624,0.6305809415830923,1020.8579311433248,1,1
944,12,69.87287128002407,0.2197067903914004,838.4744553602889,1,1
945,48,203.8020821315428,0.0205208147293252,9782.499942314053,19,0
946,42,334.8078488052953,0.8266183455024887,14061.929649822408,28,0
947,30,81.06329339953234,0.3655957010039667,2431.8988019859703,4,1
948,6,52.54961653830528,0.353696686580734,315.29769922983166,0,1
949,32,471.69096280645766,0.3024790291679265,15094.110809806643,30,0
950,56,419.8669861729683,0.9753732771464207,23512.551225686228,48,2
951,24,414.132427012564,0.1701154173092814,9939.178248301536,20,0
952,18,447.9909239758897,0.8982380639532351,8063.836631566015,16,0
953,15,365.01542274744696,0.7768033321398878,5475.231341211705,11,1
954,54,96.98185838663665,0.076479955499313,5237.020352878379,10,1
955,27,229.59508463317536,0.9867291015008488,6199.067285095734,12,1
956,45,375.4172689090833,0.2713659635390105,16893.77710090875,34,0
957,16,176.1505073561844,0.0985829270224123,2818.4081176989503,5,1
958,18,359.3328638613069,0.8293142341257594,6467.991549503525,13,1
959,32,61.02430172044356,0.7066755336776999,1952.777655054194,3,1
960,64,187.7618033958169,0.6172188058779008,12016.755417332284,24,0
961,4,297.1086513247277,0.1559808636989331,1188.4346052989108,2,1
962,35,334.4404232778091,0.4784961162559619,11705.414814723315,23,0
963,36,309.66829900785984,0.7805560268872138,11148.058764282954,22,0
964,2,363.9903242330433,0.3036239381438402,727.9806484660866,1,1
965,40,52.73993670792758,0.3116898285150414,2109.5974683171034,4,1
966,9,95.42353998988467,0.0031409060481221,858.8118599089621,1,1
967,24,441.0249135256152,0.1742434016453795,10584.597924614764,21,0
968,21,356.78688984057254,0.8754056251218344,7492.524686652023,15,0
969,18,100.81923920870508,0.4417464916377071,1814.7463057566915,3,1
970,14,428.9334968293607,0.984234499234434,6005.068955611049,12,1
971,15,159.0040480210551,0.3957079635737925,2385.0607203158265,4,1
972,12,265.2169478878505,0.7151864547802412,3182.6033746542066,6,1
973,10,115.33843079809712,0.2819190429047291,1153.3843079809712,2,1
974,42,369.549525389768,0.3638096411409335,15521.080066370258,31,0
975,10,350.08448945642056,0.1907259875908946,3500.844894564206,6,1
976,15,145.00061202476127,0.347062368499395,2175.009180371419,4,1
977,4,438.5303450856508,0.5472375204206431,1754.1213803426033,3,1
978,15,230.5877108988705,0.9917728809792494,3458.815663483057,6,1
979,12,181.6317909818338,0.6642017130717857,2179.5814917820057,4,1
980,4,118.54831525904096,0.199245954408314,474.1932610361638,0,1
981,42,169.77560563199185,0.0449614415915511,7130.575436543659,14,0
982,20,59.91211455071765,0.1263564813145106,1198.242291014353,2,1
983,4,312.465871605252,0.5625552012730474,1249.863486421008,2,1
984,54,429.0038358547766,0.7651603288167663,23166.207136157936,47,2
985,35,297.04120224873884,0.9404192073007468,10396.44207870586,21,0
986,18,148.67328286574406,0.0158231719968208,2676.119091583393,5,1
987,21,65.15113019624272,0.5227601415618698,1368.1737341210971,2,1
988,72,146.5826329664613,0.4708673562231767,10553.949573585212,21,0
989,27,237.25464263199152,0.656055021975704,6405.875351063771,12,1
990,45,391.8251429149085,0.559578854465342,17632.13143117088,36,0
991,8,134.52928364199835,0.6870391505824806,1076.2342691359868,1,1
992,21,373.9061540096087,0.6580825847491903,7852.029234201784,15,0
993,28,440.1200607583477,0.1170117248579462,12323.361701233734,25,0
994,20,254.27608164876068,0.7997179136187196,5085.521632975214,10,1
995,4,419.64439623916695,0.1232325757163248,1678.5775849566678,3,1
996,9,299.595806615793,0.6985306252091371,2696.3622595421366,5,1
997,30,336.69087668640725,0.4161453676406067,10100.726300592218,20,0
998,28,286.8253071521912,0.5138507345765979,8031.108600261354,16,0
999,54,258.4277225381038,0.9032980143757104,13955.097017057606,28,0
1000,6,155.59404879913222,0.8898837264734866,933.5642927947932,1,1
